id_IRIS;label_iris;code_insee;label_com;tx_bas_revenu;PartPop_fr;hlm_res_princ;unevoiture;120₊;masc_cadre;fem_cadre
132070603;Tobelem-Endoume;13207;Marseille 7e Arrondissement;19,4;0,778837067043567;-0,312663638002636;-0,217654281476511;-0,426491063969955;0,387793788336826;-1,19871970952873
132070604;Dellepiane;13207;Marseille 7e Arrondissement;17,9;0,518317547627381;-0,775719379568086;-0,172797957006824;0,191774752663788;1,25010216358604;-1,0104369202284
132070701;Tellène;13207;Marseille 7e Arrondissement;17,7;0,563283219110565;-0,717012996245805;-0,122996103660136;-0,545500069997641;0,650151440464828;-0,860750024406874
132070702;Corderie;13207;Marseille 7e Arrondissement;25,1;0,228698234488072;-0,773976111443469;-1,04927260471814;-0,605925885422812;1,35938873948998;-0,950266830664452
132070703;La Criée;13207;Marseille 7e Arrondissement;25,9;0,52302593371904;-0,773649801194993;-0,497914582947544;0,147166760720586;1,07477809096767;-0,906850362793329
132080101;Les Vagues;13208;Marseille 8e Arrondissement;13;0,65863137094372;-0,443762657662296;0,690024153484662;0,0223565523827195;0,882538781230863;-0,691097421965835
132080102;Hambourg Sablier;13208;Marseille 8e Arrondissement;14,2;0,753208323394306;-0,762626752642095;0,698726576837828;-0,0640197582502198;0,598336456961362;-0,963502295815588
132080301;La Verrerie;13208;Marseille 8e Arrondissement;30,9;0,797152105126598;1,17887786154496;0,331460214751121;-0,069267813494563;-0,616400426330258;-0,464351637335229
132080302;Engalière-Carthage;13208;Marseille 8e Arrondissement;14,4;0,739482207606953;-0,413135832306101;0,995375168230217;1,456232610014;0,908865711350071;-0,554946141513706
132080401;Farges-Périer;13208;Marseille 8e Arrondissement;12,9;0,295899678586556;-0,735776717311763;0,394746531575461;3,28595964329899;1,79290492090586;-0,480209099019121
132080402;Mermoz-Prado;13208;Marseille 8e Arrondissement;16,8;0,732742082262607;-0,775719379568086;0,0295601480686853;3,53419410141733;2,76583346311809;-0,511741766817874
132140302;Casanova;13214;Marseille 14e Arrondissement;73,8;-1,43392733561312;0,561598161422588;-0,84346274310582;-0,539488094301246;-1,36009770879993;1,3711501642428
132140303;États-Unis;13214;Marseille 14e Arrondissement;59,3;-0,532574191739222;-0,639644968187701;-0,215560993119805;-0,490466548533667;-1,27939949848949;1,16308405608079
132140401;La Batarelle;13214;Marseille 14e Arrondissement;;0,956637881010554;-0,775719379568086;1,63525782755178;-0,376526373184852;0,0295267990271449;-0,927582160470539
132140402;Guynemer;13214;Marseille 14e Arrondissement;24,6;0,76608135218114;0,247680134082677;1,03579889837045;-0,402729928614462;-0,547408492917312;-0,393041499946122
132140403;Santa Cruz;13214;Marseille 14e Arrondissement;53,2;-0,177773576614414;1,80589085137816;0,176713545922183;-0,67477559967748;-0,844399949281561;1,35620804113467
132140404;Château Vento;13214;Marseille 14e Arrondissement;51,8;-0,266397769634379;1,20418509362562;0,0110504929137534;-0,668924211448582;-1,17394213758743;0,556625451093823
132140502;Fontobscure;13214;Marseille 14e Arrondissement;38,4;0,39180653250777;0,034707382207822;0,955966845264805;-0,0611153289985082;-0,472969153681531;-0,0842307958030715
132140503;Centre Urbain;13214;Marseille 14e Arrondissement;79,2;-2,81254387480189;0,0901440751616818;-0,415443163335891;-0,607863547734313;-1,3767533233463;2,72968382724258
132140504;Busserine;13214;Marseille 14e Arrondissement;78,8;-1,21088062088362;3,26641225447547;-1,40599640491168;-0,61375900614826;-1,44917813563983;2,17663062034058
132140505;Picon-Font Vert;13214;Marseille 14e Arrondissement;81,6;-1,05300762923792;3,14266504130775;-0,580965195621106;-0,806480054856778;-1,48380508743163;2,36001762636466
132140506;Parc Saint-Barthélemy SNCF;13214;Marseille 14e Arrondissement;66,9;-0,625622155440005;2,33877772898507;-0,228852706089276;-0,71895840652283;-1,39231098179718;0,962387875475856
132140507;Villecroze;13214;Marseille 14e Arrondissement;62,9;-1,05247879370474;0,0650800075104256;-0,199493523055052;-0,446521018314367;-1,2224592480725;1,13733491113672
132140601;Fontainieu;13214;Marseille 14e Arrondissement;50,2;0,196960663777632;0,510394156846876;0,796272327542775;-0,651129697042466;-1,09898072648297;0,437199620829333
132140602;Grand Séminaire;13214;Marseille 14e Arrondissement;49,9;-0,232855558698462;-0,589085192891342;0,232407557969223;-0,380362758439976;-0,953030691662511;1,04692060108016
132140701;Anatole de la Forge;13214;Marseille 14e Arrondissement;30;0,140864661751245;-0,0794693963614282;1,12898739293629;-0,051606882736822;-0,428743625337117;0,13970389887127
132150101;H.L.M. Aygalades;13215;Marseille 15e Arrondissement;;-0,218326590331461;3,06157357182948;-1,13738711401521;-0,806480054856778;-1,35291511876771;2,02242248572559
132150102;Le Castellas;13215;Marseille 15e Arrondissement;69;-0,162114115981405;3,07070391370431;-0,230796731861709;-0,671946268771039;-1,48380508743163;1,09664360313909
132150103;Montléric Gherzo;13215;Marseille 15e Arrondissement;33,5;0,776786889257629;-0,699526123335442;1,06025833502549;0,0490027514169078;-0,477830883997078;-0,0333472878735788
132150202;La Mure;13215;Marseille 15e Arrondissement;27,6;0,286159939550505;-0,508352685768694;1,2936819417601;0,497357531222201;-0,726796234618113;-0,0322461092490096
132150301;Oddo;13215;Marseille 15e Arrondissement;71,5;-2,07455168018836;0,606228604962136;-1,51442261648631;-0,66291617140743;-1,40357334637246;1,39928009678089
132150302;Denis Papin;13215;Marseille 15e Arrondissement;73,4;-1,00465467825971;0,0673909711430045;-1,20009347742186;-0,584797138860286;-1,2093304853486;1,60303324155333
132150303;Bernabo;13215;Marseille 15e Arrondissement;56,5;-0,0332844417345765;0,374643386866993;-0,00481142366613776;-0,695602820597599;-0,883117212020589;0,539438897828112
132150401;Consolat;13215;Marseille 15e Arrondissement;68,5;-0,921648839573978;1,62211099490314;-0,542023612418694;-0,709834123217237;-1,23349405587535;1,9452692411039
132150402;Cap Janet;13215;Marseille 15e Arrondissement;58,4;-0,373829264852754;0,210102142909237;-0,174328950534757;-0,591571880070566;-1,19781285297774;1,17648751113264
132150501;Zoccolat;13215;Marseille 15e Arrondissement;85,7;-2,02525200815885;-0,694354798284163;-1,37801581605068;-0,739640025486786;-1,02872122972862;1,68210661829585
132150502;Cap Pinède;13215;Marseille 15e Arrondissement;60,1;-1,30697011595239;-0,677046029255094;-1,48847708385305;0,199904040481448;-1,39804537777157;2,64537685608776
132150601;Germaine-Servières;13215;Marseille 15e Arrondissement;35,3;0,509612111852886;-0,775719379568086;1,00158625941695;-0,640240012983531;-1,07111034809049;0,0894270531887866
132150602;Maurelette;13215;Marseille 15e Arrondissement;68,5;-1,87795664330004;-0,688219403159167;0,147292881263847;-0,747387502714767;-1,12400821160131;1,33957244000817
132150603;La Dauphine-Tilleuls;13215;Marseille 15e Arrondissement;41;0,120225008766433;0,102367679557107;0,706773174348602;-0,628697621021736;-1,21485297036589;0,555694134913654
132150701;La Solidarité;13215;Marseille 15e Arrondissement;71,1;-0,0664545946093156;2,43144207742624;-0,462034745496512;-0,0859766589251864;-1,02869845537113;1,83591538521141
132150702;Kalliste;13215;Marseille 15e Arrondissement;74,3;-0,927770404892634;0,313376993724824;-0,951598250067622;-0,00583809217975064;-1,10212338599376;2,79146016937682
132150703;Baumillons;13215;Marseille 15e Arrondissement;53,8;-0,461409620145397;-0,238880121893293;0,744702286073943;-0,397811306061788;-1,23462237397004;1,19317458297106
132150705;Fabrettes Bourrely;13215;Marseille 15e Arrondissement;47,2;0,169588541507324;1,10786324192341;0,66610894566523;-0,287438397250704;-1,01422078957412;0,571821977089179
132150801;Résidence Nord;13215;Marseille 15e Arrondissement;47,1;-0,0349883800076857;-0,695263316159665;0,632190406511003;-0,806480054856778;-0,858588116489297;0,356597979234875
132150802;Palanque-Vallon des Tuves;13215;Marseille 15e Arrondissement;32,7;0,935868650347015;0,205585953904492;0,812194413145244;0,426280926161725;-1,43408127450967;0,662286970220226
132150803;Plan d'Aou-Mimet;13215;Marseille 15e Arrondissement;49,4;-0,340356458451647;1,00031893970354;-0,0980430681656971;-0,466575095125434;-0,66314875956247;0,465087281122397
132150901;Créneaux-Parc Saint-Louis;13215;Marseille 15e Arrondissement;62,5;-1,05824549128496;0,609965559583798;-0,0498474801311619;-0,664838404689055;-1,25207428911115;1,3231663428505
132150902;Campagne Lévêque-Abattoirs;13215;Marseille 15e Arrondissement;73,9;-0,526613767412923;2,14142794353389;-1,06982242549158;-0,764440087861984;-1,34061136306291;1,80791601090696
132150903;Cité et Résidence Saint-Louis;13215;Marseille 15e Arrondissement;48,6;-0,299497128971806;0,194911979420046;0,295182358262449;-0,717680882641327;-1,26896681374978;-0,0778685293651216
132151001;La Bricarde;13215;Marseille 15e Arrondissement;72,8;-0,0479842235556139;2,65373684477931;-0,82411692551859;-0,62091236159238;-1,39056603884479;2,58219596490869
132151002;La Castellane;13215;Marseille 15e Arrondissement;84;-0,153439320301389;3,25271795333291;-1,48870155954168;-0,806480054856778;-1,45055226369782;2,82514624544604
132151003;Verduron Village;13215;Marseille 15e Arrondissement;19,5;0,777468274065935;-0,736616398685389;0,986732004593126;0,341018405297739;-0,22763733338899;-0,271313653688996
132151101;Cités de la Viste;13215;Marseille 15e Arrondissement;74,5;-1,11542800367803;3,06491943307394;-0,494682874010075;-0,806480054856778;-1,33188846065212;1,28108150523841
132151102;La Viste Village;13215;Marseille 15e Arrondissement;44;0,248229812729554;0,217860408766949;0,577349660770096;-0,716402726399119;-0,820652442934393;0,509515149595255
132160101;Château Bovis;13216;Marseille 16e Arrondissement;23,3;0,664007124095789;-0,500777339487437;0,542594245144306;0,0424922502729791;0,402318550035789;0,0541874551809114
132160102;Château Fallet;13216;Marseille 16e Arrondissement;29,6;0,487391836026633;-0,0794499499223843;0,482300312802561;-0,318617605431707;0,689962295633124;-0,498172054158433
132160103;Fenouil Sacoman;13216;Marseille 16e Arrondissement;33,1;0,478959506192036;-0,0429941792190477;0,359776502011172;-0,369894881546888;-0,201840653880838;-0,443834521336287
132160301;Grawitz Labro;13216;Marseille 16e Arrondissement;;0,596860904425507;0,0374773322079368;0,18161542171735;-0,163947032624736;-0,708631293832862;-0,276693674719817
132160302;Séon;13216;Marseille 16e Arrondissement;;0,0939335322707727;1,86848726182902;-0,322126279935298;-0,315868474802983;-1,07985167523872;1,95582199828615
132160401;Mourepiane;13216;Marseille 16e Arrondissement;34,5;0,733613649175937;0,403501435340777;0,324966085477096;0,1404504417429;0,034668675143429;-0,499522940448477
132160403;La Pelouque;13216;Marseille 16e Arrondissement;44,1;0,209837603221361;1,48038637077044;0,439078847790396;-0,386797471194088;-1,02776775394203;0,193237657234321
132080403;Lord Duveen;13208;Marseille 8e Arrondissement;12,1;0,560170971593135;-0,639514613849484;0,344180418202363;3,08243200860992;1,64962550494264;-0,409621599439728
132080404;Crémieux Vallence;13208;Marseille 8e Arrondissement;13,2;0,786531585042519;-0,225662892685319;-0,037704714783327;3,1861365735556;2,29701886606784;-0,0978805360462609
132080405;Cadenelle;13208;Marseille 8e Arrondissement;10,2;0,771260093602354;-0,730248994902377;1,01374301947462;4,64310908462022;2,02123529517246;0,414734436369815
132080406;Les Boucles Périer;13208;Marseille 8e Arrondissement;12,5;0,554028484276561;-0,765754921569042;0,790082143180883;1,68888416017501;2,15817472453631;-0,566715020229797
132080501;La Plage;13208;Marseille 8e Arrondissement;16,5;0,609994605710846;0,189888253096859;0,507013357824393;2,57915473607076;1,61286741532064;-0,544470543839509
132080601;Port de la Pointe Rouge;13208;Marseille 8e Arrondissement;12,6;0,838010567443416;-0,759406204361533;0,900188410907279;0,771985522499989;1,12492431139272;-0,842996326524017
132080602;Marseilleveyre;13208;Marseille 8e Arrondissement;;0,859909209472587;0,16320281994952;1,13087867573208;0,188472961134774;1,50865094896042;-0,774658308765787
132080603;Les Tours Granados;13208;Marseille 8e Arrondissement;;0,95048007362975;-0,775719379568086;1,4408386723012;-0,45390856147842;1,09486799202579;-0,710996200300309
132080604;Roy d'Espagne Chabrier;13208;Marseille 8e Arrondissement;15;0,847644818028752;-0,775719379568086;0,623512327102391;-0,232552310900233;0,333201423300201;-0,926434821467927
132080701;Turcat Méry;13208;Marseille 8e Arrondissement;23,1;-0,230258136374022;-0,586372407373697;-0,156928617144187;-0,408097359523925;0,778587817071362;-0,516609681720023
132080702;Roger Renzo;13208;Marseille 8e Arrondissement;25,8;-0,28013281063826;-0,471358530097644;0,0460519568452885;-0,587054351022293;1,61401837787001;-0,549602610509974
132080703;Rabatau;13208;Marseille 8e Arrondissement;29;0,13845150226483;0,00947994103262669;-0,133021598668307;-0,468256878243246;0,615049904995622;-0,579663766406285
132080704;Louvain;13208;Marseille 8e Arrondissement;22,5;0,430929482817808;-0,420111461617523;0,34865739186909;-0,504111237283395;0,722302599722237;-0,740634553517125
132080801;Parc Chanot;13208;Marseille 8e Arrondissement;37,1;0,00790607488785984;0,64077375138664;-0,973468163756139;-0,71694031553304;0,345309011392632;0,947303264166682
132080802;Grand Saint-Giniez;13208;Marseille 8e Arrondissement;26,5;0,497557609953095;0,467342307125712;-0,125850956235995;-0,725867390314064;0,277022490186042;-0,819738991342616
132080803;Orado-Carmagnole;13208;Marseille 8e Arrondissement;17,9;0,451483821265654;-0,744030731328716;0,321893399711132;0,808456103478891;0,832107246873799;-0,554488758446129
132080804;Milan-Gabès;13208;Marseille 8e Arrondissement;20,1;0,419731469462878;-0,180715718720628;0,665414584049756;0,992758948382476;0,834751042947825;-0,657651650650703
132080805;Mermoz-Grand Pavois;13208;Marseille 8e Arrondissement;14,3;0,594944493842775;-0,775719379568086;0,206726658136784;0,922589258744368;1,97655647569307;-0,796784193088954
132080806;Provence-Île-de-France;13208;Marseille 8e Arrondissement;13,6;0,618320367692732;-0,676932081180122;0,5519018160704;2,61534958682275;1,55064761152759;-0,534707694882286
132080901;La Sérane;13208;Marseille 8e Arrondissement;;0,714516375171977;-0,775719379568086;1,13880105348307;0,229470366387929;1,13895141665417;-0,967521346524613
132080902;Haïfa-Bartoli;13208;Marseille 8e Arrondissement;12,9;0,884683686368586;-0,146292260779085;1,05108577188586;-0,365675821075467;0,874857060026652;-0,901677092047323
132080903;Barral-Bonnet;13208;Marseille 8e Arrondissement;9,8;0,914174151934216;-0,500872348073964;0,744273613789456;0,431197696430506;1,29551551442146;-0,782134451095032
132080904;Le Corbusier;13208;Marseille 8e Arrondissement;;0,751779407429316;-0,462239304707835;0,840866478932494;0,957635751679834;1,87918756313831;-0,923430173917926
132081001;Zénatti-Floralia;13208;Marseille 8e Arrondissement;11;0,960808846595342;-0,492116527896842;1,13090290792859;0,0507435226307939;1,00515536677395;-1,02476390290597
132081002;Goumier-Berneix;13208;Marseille 8e Arrondissement;12,1;0,222846931374307;-0,769612652051114;0,668650358573356;0,404101364785832;0,814326276007879;-0,619001477839195
132081003;Antilles Résidence;13208;Marseille 8e Arrondissement;10;0,643876534463399;-0,566385516053536;1,0823432387326;0,29177984022139;0,608137118250879;-0,992818083285599
132090101;Beauvallon-Seigneurie;13209;Marseille 9e Arrondissement;15,7;0,539069586050388;-0,185617932324016;1,03928331014048;0,991640776761218;0,427330894807929;-0,652830609000367
132090102;Morgiou-Hauts de Mazargues;13209;Marseille 9e Arrondissement;18,5;0,68526299039734;-0,239100034490805;1,26641179366839;1,22094053463724;0,545618731951838;-0,622666614061254
132090201;Val des Bois;13209;Marseille 9e Arrondissement;12,9;0,992867941368651;-0,7067699576809;1,31481442623622;1,69444765338247;0,584785079959552;-0,245622933667128
132090202;Village du Cabot-Campagne Berger;13209;Marseille 9e Arrondissement;11,8;0,827791948896816;-0,439222167036459;0,994608519053214;0,42267068842291;0,61488514566834;-1,07456621455571
132090203;Allée des Pins;13209;Marseille 9e Arrondissement;10,5;0,998374235864992;-0,567588965172669;1,04154935798609;-0,509435558009143;0,779605002160326;-0,754068002714161
132090204;Valmante-Colline Saint-Joseph;13209;Marseille 9e Arrondissement;14,6;0,635424443643302;-0,61511546599136;0,607923617325693;-0,52000123099322;1,21034206272275;-0,786446271497396
132090401;Michelet-Blanc;13209;Marseille 9e Arrondissement;12;0,654074922273465;-0,762752694926784;0,848408904659962;0,494549615026653;1,63164302956427;-0,966216198389709
132090402;La Verdière-Aiguier;13209;Marseille 9e Arrondissement;27,1;0,939539464997804;0,33207741935906;0,635840201108968;0,988146868672586;0,866335551807;-0,628562556429487
132090403;Château-Sec-Montval;13209;Marseille 9e Arrondissement;;0,854671658062853;-0,7615068648163;1,32114237655053;0,0915796345808556;0,972150847434652;-1,17548130709104
132090404;Valmante-Hespérides;13209;Marseille 9e Arrondissement;15,1;0,869815614711065;-0,219256441160453;1,33789475690761;1,27647003169381;1,58691138161427;-1,02648413111864
132090405;Mazargues Village;13209;Marseille 9e Arrondissement;18,8;0,846082114832218;-0,760184156244807;0,385285444541924;0,458985090773436;0,572202823743432;-0,761963182004025
132090406;Michelet-de Lattre;13209;Marseille 9e Arrondissement;11,9;0,92075087812945;-0,436108375206692;1,25299129468084;0,183810431541657;1,32434353715305;-1,0336262859958
132090407;Martheline-La Soude;13209;Marseille 9e Arrondissement;46,3;0,498829008714992;2,13844725033311;-0,0193318914196218;0,0876605683425696;-0,394616766283019;0,121508069546333
132090408;Lanciers-Cyclamens;13209;Marseille 9e Arrondissement;;0,365122432413557;0,979773923170879;-0,0630610225749311;-0,274092803154169;-0,362251459760137;-0,4506905500052
132090501;Parc des Cèdres-Panouse;13209;Marseille 9e Arrondissement;15;0,928020265837999;-0,761975006395443;0,795593772222389;1,0231856456912;0,804120944298166;-1,03358804202796
132090601;Lotissement Mireille-Clairval;13209;Marseille 9e Arrondissement;13,9;0,952782999735248;-0,510003499940105;1,21587549064819;0,430195406751906;1,06156298159729;-0,858494961074102
132090701;Bengale-Fontclair;13209;Marseille 9e Arrondissement;19,8;0,726683716101569;0,148191348796436;0,967757738126847;0,801908919568937;1,15498685173211;-0,866116442326732
132090702;Sormiou-Cayolle;13209;Marseille 9e Arrondissement;42,1;0,36025217308713;1,13416081449574;0,656833263729577;1,05262118337224;-0,33119716199415;-0,11942309623287
132090703;Calanque de Sormiou;13209;Marseille 9e Arrondissement;39,7;0,716388682881635;0,588764643792163;1,06528247795331;0,194074152638287;0,623291843690278;-0,218222560138415
132090704;La Jarre-Roy d'Espagne;13209;Marseille 9e Arrondissement;12,9;0,733761810469816;-0,747623846038987;1,52220436214923;-0,320106708310361;1,79236891903486;-1,18114774700754
132090801;Métro Dromel;13209;Marseille 9e Arrondissement;31;0,38531383851952;-0,16983092776724;0,272997085633608;-0,544808882751129;-0,479104625139437;-0,157613865576283
132090802;La Pauline;13209;Marseille 9e Arrondissement;30,3;-0,355343164832075;-0,766972896436293;0,132459402935657;-0,489639665898995;-1,04401080578129;-0,505192409793577
132090803;Romain Rolland-Claudel;13209;Marseille 9e Arrondissement;31,2;0,728858121699911;-0,336159351517808;0,411958548837072;-0,722936270894058;-0,212235231398643;-0,595160192087136
132090804;Square Michelet;13209;Marseille 9e Arrondissement;22;0,540584597530409;-0,768182736360425;0,640059137419479;-0,248015592221757;0,738457839079801;-0,632455225158709
132090805;Cravache-Le Brix;13209;Marseille 9e Arrondissement;42,6;-0,503509175436178;0,240399951601671;0,0123076636872923;-0,600033960737785;-0,341353921803867;0,308768941039959
132090806;Jean Boin-Roseraie;13209;Marseille 9e Arrondissement;27,6;0,555071576400508;-0,320538421233807;0,0670112875546012;-0,282725894972507;-0,08620992771844;-0,640321706521767
132090807;Vert Pré;13209;Marseille 9e Arrondissement;15,2;0,885463202877819;-0,570231641746557;0,77916786289774;0,507997628509326;0,181032445608989;-0,750305630896567
132090808;Sévigné-Trioulet;13209;Marseille 9e Arrondissement;31,5;0,257732988958358;0,241415208237484;0,140745654801853;-0,511540373205922;-0,42711412390418;-0,349868581605174
132090809;Les Hôpitaux-C.N.R.S.;13209;Marseille 9e Arrondissement;21,2;0,607049214453348;-0,741190014261592;1,17419020667106;1,88376144230197;0,62149030018936;-1,04789046547461
132100101;Mireille Lauze-Vert Clos;13210;Marseille 10e Arrondissement;44,5;0,0603555257948013;0,253706536279214;0,219199145443127;-0,72545060220628;-0,93490180632352;-0,516177022921397
132100102;Benjamin Delessert;13210;Marseille 10e Arrondissement;33,5;0,124457282578516;-0,497008488500052;-0,194021670235829;-0,619016448360157;-0,409342886261161;0,0387918479881351
132100103;Saint-Jean-Curtel;13210;Marseille 10e Arrondissement;37,6;0,139130325205777;-0,181124410105233;0,253144407636089;-0,748767177318699;-0,384383450876192;-0,0856630440710096
132100104;Aciéries-Curtel;13210;Marseille 10e Arrondissement;34,9;-0,014485733414834;0,211113203633396;0,687187633940067;-0,675799534431216;-0,256521914315324;-0,553267538960457
132100201;Toulon-Galinat;13210;Marseille 10e Arrondissement;32,4;-0,0956127676651805;-0,47256633268582;0,28836001185347;-0,546031481223366;0,32610696970242;-0,562280390005453
132100301;Pont de Vivaux-Icard;13210;Marseille 10e Arrondissement;24,3;0,566225899098398;-0,775719379568086;0,718335822982228;-0,393647695830145;-0,334747288951776;-0,738824307903154
132100302;Hippodrome Vivaux;13210;Marseille 10e Arrondissement;36,5;-1,20493476078241;-0,646246699092946;0,261675657166257;-0,430858531335762;-0,665476200942314;0,639204130603271
132100401;Gardanne-Fauvière;13210;Marseille 10e Arrondissement;34;0,66032633998251;1,04613058100134;0,00611011859809798;-0,67705429883169;-1,04508735748346;-0,222976886629977
132100402;Queyrel;13210;Marseille 10e Arrondissement;19;0,692059712494027;-0,77234626501553;0,6211334702509;0,128995339658782;-0,505680671836412;-0,440559368953227
132100403;Château Saint-Cyr;13210;Marseille 10e Arrondissement;26,8;0,687731288769593;0,826621452078132;0,508841308882801;-0,500914849374098;-0,631893911431625;-0,590480920436179
132100404;Lycée Est-Saint-Cyr;13210;Marseille 10e Arrondissement;;0,135613778672207;1,68548773614822;0,229437340830586;-0,687943263420727;-0,641310997710336;0,365506364082899
132100405;Chanteperdrix-Trois Ponts;13210;Marseille 10e Arrondissement;;0,622592329657733;0,564990710052429;0,717040382620002;-0,26005086639663;-0,67684059485269;0,0918603191108189
132100406;Jardins-Saint-Thys;13210;Marseille 10e Arrondissement;20,8;0,658627242322405;-0,45911223415452;0,996290325702026;-0,55806849917821;-0,419401296810361;-0,880671607954677
132100407;Grands Pins;13210;Marseille 10e Arrondissement;18,7;0,775516809635087;0,155150744043928;0,762139957319335;-0,731834768291888;-0,497915114604695;-0,212754870011803
132100501;La Sauvagère-Sainte-Geneviève;13210;Marseille 10e Arrondissement;51,3;-0,136119071022483;1,14720911188246;0,297982145788823;-0,68102476399312;-0,981142451613767;-0,450564406278071
132100502;Campagne La Rose;13210;Marseille 10e Arrondissement;22,5;0,955045644167105;-0,672478744874043;0,824994143397716;-0,578803515371002;-0,690899634497708;-0,887176778805895
132100503;La Sauvagère-Bellevue;13210;Marseille 10e Arrondissement;44,8;0,46619178182584;-0,714821451940353;0,644028344294755;-0,673314348801599;-0,168765551967111;-0,0286313523107252
132100504;La Marguerite;13210;Marseille 10e Arrondissement;16,8;0,448585533924146;-0,758488317572022;1,09532136091164;-0,736158791230831;0,365869561586481;-0,535233937261651
132100505;Castel Roc;13210;Marseille 10e Arrondissement;12,9;0,748551233532071;-0,775719379568086;1,27455220162358;-0,651186410900778;-0,0415566876807318;-0,947219053867435
132100506;Jean Perrin;13210;Marseille 10e Arrondissement;30;0,443014978462094;-0,775719379568086;0,89566238966053;-0,492658698535382;-0,683595800749266;-0,216348836246232
132100601;Cabassud-Mireille Lauze;13210;Marseille 10e Arrondissement;39,2;-0,421308423956759;0,383996281001291;0,417085572185454;-0,639153101006949;-0,499360921088812;-0,187176377926886
132100602;Mathurin-Timone;13210;Marseille 10e Arrondissement;27,2;-0,295240118769949;-0,769062688101036;-0,341994646280811;-0,555412718356271;0,119838825568162;0,706218989212659
132110101;Les Accates;13211;Marseille 11e Arrondissement;;1,0623276882888;-0,768977833504975;1,62376024162892;3,54855403952406;1,42544356568122;-0,801184036006088
132110201;La Barasse;13211;Marseille 11e Arrondissement;15,6;0,983564227167931;-0,456126638702224;1,23508138280335;0,188227378909142;-0,0759634650677635;-0,538854746765131
132110301;Les Camoins;13211;Marseille 11e Arrondissement;7,9;1,04006608918128;-0,775719379568086;1,36004887571021;3,17368744172221;0,42525878452616;-0,591862954568055
132110401;Éoures;13211;Marseille 11e Arrondissement;;1,10468026261485;-0,775719379568086;1,58112175091418;3,95600817855787;1,33829883483767;-0,470656686932673
132110501;La Millière;13211;Marseille 11e Arrondissement;30,1;0,698071831168675;0,230122322268176;0,911008630817877;-0,0612164681167354;-0,405467071732761;-0,0229637817673432
132110601;Air Bel-Clémentine;13211;Marseille 11e Arrondissement;63,3;-0,480084645145167;3,15394351789669;-0,325825936731917;-0,691191091018322;-1,04247055410597;1,44852796191999
132110602;Air Bel-Pommeraie;13211;Marseille 11e Arrondissement;74,4;-0,70548781066787;3,27657981096437;-0,989231920708947;-0,713621232353531;-1,19467201232137;3,35677280515065
132110603;La Grognarde;13211;Marseille 11e Arrondissement;22,5;0,640241388775123;-0,516847332520736;0,810412074522711;-0,647848933901746;-0,957877557960433;-0,147973285436774
132110604;Pommeraie-Saint-Jean;13211;Marseille 11e Arrondissement;22,6;0,805669074594763;0,0345561981238206;1,05543208111864;-0,450312349765322;-0,360597597355673;-0,958538063387047
132110605;La Mazenode;13211;Marseille 11e Arrondissement;30,2;0,340313416565339;-0,58544775431423;0,963984678565094;-0,139983565610816;-0,74952399746594;-0,387491545616113
132110606;Bel Ombre;13211;Marseille 11e Arrondissement;33,2;-0,0480833618281043;-0,728848606002607;0,730795590371951;-0,079863408016787;-0,700928932045719;-0,225302520368489
132110607;Campanules-Faïenciers;13211;Marseille 11e Arrondissement;28,2;0,659924095919659;0,535186594193283;0,85739692132097;-0,752600782625165;-0,115695599829752;-0,382230496548471
132110608;Sainte-Madeleine;13211;Marseille 11e Arrondissement;21,4;0,626539735810225;0,81630161878966;0,824381553557471;-0,737835782669518;-0,308537292484528;-0,460695154157448
132110609;William Booth;13211;Marseille 11e Arrondissement;27,2;0,537839859670931;0,480343213663002;1,02892768155938;-0,688612705116126;0,270720452354528;-0,426376462282943
132110701;Saint-Marcel Haut;13211;Marseille 11e Arrondissement;26,7;0,53198845608019;0,224778517772048;0,679877939461861;-0,221300402097017;-0,627095567503898;-0,59696262667651
132110702;Saint-Marcel Village;13211;Marseille 11e Arrondissement;41,4;0,33323926025996;0,0868419769150687;-0,167062516435593;-0,290103812342955;-0,51548858674718;-0,457123300260073
132110703;Collet des Comtes;13211;Marseille 11e Arrondissement;43,1;0,663258791200993;2,16452536401288;0,718926648739303;-0,748900536345349;-0,579782715445274;0,166432197844146
132110704;Les Libérateurs;13211;Marseille 11e Arrondissement;25,4;0,628541223044866;0,145708280682994;1,01236638838558;-0,106880571790429;-0,416970866697413;-0,138137862018523
132110801;Saint-Menet;13211;Marseille 11e Arrondissement;8,8;1,02479392897702;-0,34047418853711;1,70573513959142;1,89625197330868;0,69975452978258;-0,992299795501605
132111001;Lanfranchi-Bonfort;13211;Marseille 11e Arrondissement;39,7;0,792165664384756;0,944080208717278;0,291640888484696;-0,465610165911724;-0,716325451831101;0,128889748039406
132111002;Heckel;13211;Marseille 11e Arrondissement;30,3;0,783326372890642;0,79711148873697;1,0445459160139;-0,726868297710596;-1,09712583804258;-0,612108726040975
132111003;Michelis-Saint-Jacques;13211;Marseille 11e Arrondissement;22,6;0,973425868540152;0,604108568664943;0,733521139907623;-0,726284565436803;-0,97340725690399;-0,419082105720581
132111005;Néréides-Bosquet;13211;Marseille 11e Arrondissement;;-0,39837271067962;3,19873656325865;-0,288479959507487;-0,606985301565922;-1,08661291393082;1,48874272430695
132111101;Valentine Village;13211;Marseille 11e Arrondissement;10;1,08518900635653;-0,538353798452252;1,3254669701812;1,15371702042595;0,68524723410782;-0,680205535508667
132120101;Mirabelle-Anémones;13212;Marseille 12e Arrondissement;16,6;0,796990502098714;0,0134695915701599;1,08823622805869;1,45411189033867;0,235938993859606;-0,806873183406359
132120102;Les Comtes-Eydalin;13212;Marseille 12e Arrondissement;37,3;0,301287242813079;0,542752202386624;0,561582660074362;-0,525084477708681;-0,940239227531951;0,000125604162687261
132120103;La Grande Bastide Cazaulx;13212;Marseille 12e Arrondissement;35,6;0,754528168520117;1,41199892618008;0,474928602068152;-0,746359644711711;-0,73170339513054;-0,475950923234608
132120201;Dessuard-Rosière;13212;Marseille 12e Arrondissement;22,8;0,603969184535363;0,124141229511591;0,795638384102783;0,539816429298895;0,235247678095008;-0,599060803604298
132120202;Fourragère-Borromées-Vendôme;13212;Marseille 12e Arrondissement;11,5;0,971856732612026;-0,622461796474492;1,28211398366624;-0,425255363535992;0,794708584946327;-1,14279730027734
132120301;Petit Bosquet;13212;Marseille 12e Arrondissement;;0,976672553877696;-0,706992845975433;0,972316705145017;0,147471122677934;0,0379003057539929;-1,05808861678462
132120302;Prés Fleuris;13212;Marseille 12e Arrondissement;10;0,756505138905198;-0,291080609941228;1,16798568085895;0,123320296298897;0,491005152548517;-0,862014424639418
132120303;Plateau de Montolivet;13212;Marseille 12e Arrondissement;9,9;0,908555095808348;-0,775719379568086;1,30627312093972;2,37479771956661;0,377743859278672;-1,04220762320874
132120304;Bois Lemaître;13212;Marseille 12e Arrondissement;36,3;0,497181569521896;0,216650268910157;0,814272197829418;-0,515166935656038;-1,2251253392903;-0,378460533880795
132120305;Sénafrica;13212;Marseille 12e Arrondissement;14;0,646734713247037;-0,664913099601539;1,07164418378735;0,437246437765921;-0,172629681709671;-0,444497035052144
132120401;Bois Luzy-Jean Rameau;13212;Marseille 12e Arrondissement;11,9;0,760826619612913;-0,713185306321535;1,26142115710898;0,540860631979407;1,09298715502452;-0,830269068455716
132120402;Saint-Barnabé-Montaigne-Orangerie;13212;Marseille 12e Arrondissement;12;0,807370109005017;-0,775719379568086;0,620662169633737;1,05480364543562;1,47791891844537;-0,916635749914224
132120403;Hagueneau-Garoutte;13212;Marseille 12e Arrondissement;;0,863738967623603;-0,775719379568086;1,14954461769559;3,1559680073079;1,19188240298053;-1,13135856481041
132120404;Pervenches-Provence-Hopkinson;13212;Marseille 12e Arrondissement;30,8;0,623540821859624;0,487833807531368;0,720291798483087;-0,121822753537356;-0,615953761980312;-0,201943677001154
132120405;Hespérides-Haïti;13212;Marseille 12e Arrondissement;;0,746964789519063;-0,0896161615978466;0,694712163575653;-0,718486938531257;-0,31753856486723;-1,33746007726206
132120406;Gasquy-Hugues-Garlaban;13212;Marseille 12e Arrondissement;;0,903006626457383;-0,423412308255906;0,866494508616903;1,67167305064546;1,49421822362641;-1,21946428890468
132120501;Saint-Jean du Désert;13212;Marseille 12e Arrondissement;23,5;0,824204435190942;-0,163879411248252;0,925865710140189;-0,364058043575182;0,272444901384937;-0,689320069474417
132120601;Les Bougainvilliers;13212;Marseille 12e Arrondissement;14,6;0,873562736289966;-0,775719379568086;1,4495646964879;0,237863870524591;0,564338781462964;-0,662238511725792
132120602;La Comtesse;13212;Marseille 12e Arrondissement;9,6;0,933372963352282;-0,775719379568086;1,23887778590566;1,91938873011666;0,681163787507587;-0,543317440114319
132120603;Beaumont;13212;Marseille 12e Arrondissement;12,2;0,776776665590418;-0,775719379568086;1,20950268899557;1,49050536248655;0,368463098023756;-0,68373493272309
132120604;Rougemont-Les Amandiers;13212;Marseille 12e Arrondissement;16,7;0,843429862219429;-0,765073233317217;0,980317564055776;1,33222337004764;-0,00232810551768135;-0,834349231106459
132120701;Enco de Botte;13212;Marseille 12e Arrondissement;10,6;0,958427169805952;-0,738555093291119;1,43769781334691;0,959889637384395;0,275133795987755;-0,400668684620811
132120702;Esperanza;13212;Marseille 12e Arrondissement;10,5;1,06916036003619;-0,535988703982762;1,47828031891029;2,63369556728988;0,122803409825549;-1,1573048329224
132130102;Château-Gombert-Technopole;13213;Marseille 13e Arrondissement;15,9;0,761559295341307;-0,730457078782949;0,494776309149751;-0,216715282596024;0,147357825474965;-0,406946572225616
132130103;Château-Gombert-Fumade;13213;Marseille 13e Arrondissement;13,5;0,537880155510737;-0,105131333410553;0,860331972238213;0,386630981304511;-0,230775356785709;-1,15270179526064
132130201;Les Vieux Cyprès;13213;Marseille 13e Arrondissement;18,1;0,421466591603542;-0,717994190108175;1,18857561114613;-0,311504645845351;-0,205206608642187;-0,412241892857064
132130202;Delprat;13213;Marseille 13e Arrondissement;38,9;0,0949835045378287;0,735475808079412;0,752432621241827;-0,133662437661007;-0,204053748722593;-0,209150344565357
132130301;Oliviers-Lauriers;13213;Marseille 13e Arrondissement;78;-0,872294050600784;3,10643563769739;-0,686148351923663;-0,737334904870149;-1,37378592491547;1,58411374522168
132130302;Malpasse-Roubaix;13213;Marseille 13e Arrondissement;43,3;0,122498007225091;-0,364143449484216;0,402955766131993;-0,717366671238671;-0,462593916648355;0,00851462639551181
132130303;Tilleuls-Valmont;13213;Marseille 13e Arrondissement;45,9;0,402173569260191;1,28172841660042;0,222995578870893;-0,578405689801871;-0,923017636284102;-0,00398626825936936
132130401;Les Médecins;13213;Marseille 13e Arrondissement;;0,933378529345734;-0,754871356918278;1,50594364769273;3,8639950861694;0,0760083523194927;-1,03626198839097
132130501;Les Mourets;13213;Marseille 13e Arrondissement;;1,06366198548264;-0,775719379568086;1,52231209211712;1,29344330471792;0,244087121298063;-1,17640838355735
132130601;Saint-Théodore;13213;Marseille 13e Arrondissement;35,4;0,384571684737393;0,464498692161967;0,392079820333929;-0,126733996541425;-1,07343326782674;-0,137498538609649
132130602;La Marie;13213;Marseille 13e Arrondissement;;-0,00249150762899624;1,72738824699073;0,30188929611945;0,893055043098094;-0,526200640909219;0,342852203907028
132130603;Les Olives Village;13213;Marseille 13e Arrondissement;;0,456655385899085;0,97375793203507;0,214073305354713;0,20770204443147;-0,736378153699565;-0,258713533711994
132130604;Fondacle;13213;Marseille 13e Arrondissement;34;0,477120460275684;0,982251223297641;0,998267351901405;0,00823335894540834;-0,680297516579;0,49004886248642
132130605;Ravelle-Mont Riant;13213;Marseille 13e Arrondissement;21,3;0,615473901246522;-0,224566381993959;1,22178217385266;0,252190679251678;-0,118782761860761;-0,519922592326385
132130607;La Maurelle;13213;Marseille 13e Arrondissement;35,5;0,614955521479699;-0,606665445178393;1,11121195900034;-0,39231352502624;-0,803181368364189;-0,401901939134674
132130701;Palama;13213;Marseille 13e Arrondissement;7,7;1,02174012169453;-0,775719379568086;1,53250867111908;1,05635734382427;0,951151526821731;-0,734224848462455
132130802;Val Plan;13213;Marseille 13e Arrondissement;69,9;0,258367714896948;3,07200536733255;-0,713065011431979;-0,806480054856778;-0,912657126265667;1,19714364353594
132130803;Le Clos;13213;Marseille 13e Arrondissement;70,2;-0,110518489786426;2,4361125471674;-0,72510098682978;-0,00736884073175612;-1,31242867022969;1,22895053296323
132130804;Métro La Rose;13213;Marseille 13e Arrondissement;32,9;0,624729427177902;1,03086402078879;0,355745998865887;-0,590536547222524;-1,22505250011905;-0,120090170141596
132130805;Les Jonquilles;13213;Marseille 13e Arrondissement;42,3;0,20910819225894;-0,512803079336763;0,802908099758514;-0,327866135731757;-0,793126136417846;-0,661046739034881
132130806;Frais Vallon;13213;Marseille 13e Arrondissement;78;-1,0220861747925;3,06069479267851;-1,07587418190159;-0,597026829253022;-1,37952236862171;1,86746569369622
132130901;Lilas-Oliviers;13213;Marseille 13e Arrondissement;81,4;-1,49373025982028;3,17316200989217;-0,820940428225891;-0,806480054856778;-1,18647193165019;2,4043749238382
132130902;Normandie-Niémen;13213;Marseille 13e Arrondissement;51;0,41628880538766;1,0156123275228;0,00727474732262706;-0,550089328000322;-0,880467650502783;1,10120066600539
132130903;Saint-Jérôme Pélabon;13213;Marseille 13e Arrondissement;25,4;0,494237665938763;-0,760854903216652;0,848043360565579;0,364595909414621;-0,46872975889002;-0,59447646435274
132130904;Val d'Azur;13213;Marseille 13e Arrondissement;27,4;0,463502079598888;-0,775719379568086;1,2599057301425;-0,0997477843352147;-0,221957669142386;-0,753764881416661
132131001;Saint-Paul Corot;13213;Marseille 13e Arrondissement;79,9;-0,836990003966843;2,10169902168747;-0,708273392284189;-0,42827297469161;-1,39603760781712;1,41137764787012
132131002;La Mongrane;13213;Marseille 13e Arrondissement;23,6;-0,0646946106901321;-0,71452706715398;0,366646086876624;-0,171960262869165;-0,021032117266598;-0,607332244296797
132131003;Lacordaire;13213;Marseille 13e Arrondissement;26,4;0,855530188228172;-0,47519685576751;0,470085091083379;0,188377002371238;-0,200372914762462;-0,860459188089483
132131004;Daudet Perrin;13213;Marseille 13e Arrondissement;42;0,300163589397419;-0,0139298472839103;0,096760802929314;-0,643531809277563;-0,677284712728585;-0,27219982403362
132131005;Les Floralies-Beau Plan;13213;Marseille 13e Arrondissement;27,2;0,443967356957322;-0,774020838412454;0,771748702433189;-0,543593436017065;-0,560496193021688;-0,54618089189886
132131006;Corot;13213;Marseille 13e Arrondissement;67,5;-1,14580188645511;1,43961285265116;-0,720587097151348;-0,520995527970347;-1,24495242017676;1,1937158983224
132131101;Les Prairies;13213;Marseille 13e Arrondissement;19,1;0,869048814408963;-0,40650932388112;0,814214884332296;-0,184930732196882;-0,360547186560919;-1,04494121674476
132131102;Les Balustres;13213;Marseille 13e Arrondissement;;-0,33503270428326;2,33934659762645;-0,30710606438754;-0,0878755954394894;-0,994825477608109;1,2308338085972
132131103;La Baronne;13213;Marseille 13e Arrondissement;9,2;0,94073772525451;-0,775719379568086;1,49425547204822;1,50368449029286;0,782150380585046;-0,587665872985285
132140101;Finat Duclos;13214;Marseille 14e Arrondissement;71;-0,0381458772846832;1,12054886567291;0,0820031509075397;-0,508957053661896;-1,06239326630046;1,30617159118489
132140102;Vieux Moulin;13214;Marseille 14e Arrondissement;;-0,819763697738859;1,94293198217311;-0,494731395355029;-0,70829907805613;-1,30501067433046;1,81219196011155
132140201;La Marine;13214;Marseille 14e Arrondissement;62,5;-1,04455872588948;2,0202164823866;-0,811369706745213;-0,701585508681487;-1,1149683425093;1,23068387978937
132140202;Gibbes;13214;Marseille 14e Arrondissement;53,8;-0,00345711276753705;0,454790822963059;0,338804680174776;-0,596617464590957;-0,809874836797488;0,0130032091015493
132140203;Églantines-Rosiers;13214;Marseille 14e Arrondissement;80;-3,26705195042898;-0,723581375074921;-1,27354814330906;-0,67158319320237;-1,34736607843208;2,67936498899835
132140204;Saint-Gabriel;13214;Marseille 14e Arrondissement;42,5;-0,857682228873481;-0,767554212563851;-0,451871675134253;-0,806480054856778;-1,25854798997571;0,588886667996497
132140205;La Glacière;13214;Marseille 14e Arrondissement;46,3;-0,105752490966496;-0,775719379568086;0,118328559074054;-0,487995698450196;-0,707525908822536;0,188093197156118
132140301;R.P. Moretti;13214;Marseille 14e Arrondissement;70,4;-1,0601639571091;1,79287355546952;-0,842995364970635;0,0229656942625543;-1,32032998779152;1,71923265992742
132010101;La Bourse;13201;Marseille 1er Arrondissement;45,3;-1,83225238705975;-0,693277150353336;-1,30283837878395;-0,477903762908066;0,565439356724355;0,411977795787001
132010102;Thubaneau;13201;Marseille 1er Arrondissement;78,6;-4,19224017961112;-0,536704704909909;-2,78173743786359;-0,716033278581955;-0,649815306856755;1,98638748486294
132010103;Colbert-Providence;13201;Marseille 1er Arrondissement;76,8;-3,74064088473926;-0,375317435755625;-2,37851987162056;-0,572161952498089;-0,512254184696101;2,11090963393884
132010104;Bernard du Bois;13201;Marseille 1er Arrondissement;76,1;-4,40763608782347;-0,251526236658675;-3,00117756846329;-0,780883520935798;-0,94732085876613;2,68915411856906
132010201;Gambetta;13201;Marseille 1er Arrondissement;53,4;-2,32100165789708;-0,657846805951687;-2,15898134202774;-0,118990677216779;-0,242587788720005;1,2739724510929
132010202;Joseph Thierry;13201;Marseille 1er Arrondissement;31,4;-0,883671536098368;-0,715552542477972;-1,25006306771923;0,642426933576197;0,993128735505789;0,162096505018671
132010203;Vierge Dorée;13201;Marseille 1er Arrondissement;48;-2,35958241119251;-0,706009791793275;-1,59629980646568;0,0733975508721362;0,229027952872844;0,322396322004587
132010302;Gare de l'Est;13201;Marseille 1er Arrondissement;71,6;-2,95845468010401;-0,752390388171582;-3,0919569484073;-0,211983404118972;-1,00278688627311;1,92433462355127
132010303;Domaine Ventre;13201;Marseille 1er Arrondissement;60,7;-2,9364233654347;-0,775719379568086;-2,97455010379454;-0,0408177372701624;0,189773240240706;1,08965700020809
132010402;d'Estienne d'Orves;13201;Marseille 1er Arrondissement;43,6;0,388880234444409;-0,740948685524849;-1,58838617858115;-0,21239827106311;-0,192622846923705;1,35770657050386
132010501;Madeleine;13201;Marseille 1er Arrondissement;34,4;-0,561396816036977;-0,732244141901193;-1,57664711570172;-0,277600875024869;1,19242755316776;-0,120105316028383
132010502;Longchamp;13201;Marseille 1er Arrondissement;27,3;-0,285316197541238;-0,764489507369587;-0,789121752043057;1,19900023970344;1,688215575898;-0,413301597218737
132010503;Flammarion;13201;Marseille 1er Arrondissement;32,6;-0,671919235281508;-0,538920369878517;-1,08171192550589;-0,346265783250726;0,456967485053251;-0,466956269931577
132010504;Saint-Charles-Guibal;13201;Marseille 1er Arrondissement;37;-0,593902404419737;-0,392831149305522;-0,438687120566103;-0,231613797258109;1,09165140853566;-0,148876666210026
132010601;Gymnase;13201;Marseille 1er Arrondissement;46,2;-0,972574772372179;-0,774237537604277;-2,19778905735821;0,058775404947214;0,377878945954399;0,377294911889051
132010602;Les Réformés;13201;Marseille 1er Arrondissement;34,5;-0,855117425768846;-0,745664417457718;-1,67628437778011;0,580154244732466;0,633566438083281;-0,20987114555848
132020101;Arenc;13202;Marseille 2e Arrondissement;;-1,46011432008586;0,954541529208137;-0,664551526262661;-0,806480054856778;-1,11671246529713;0,983180440616853
132020201;Montolieu;13202;Marseille 2e Arrondissement;;-3,82731941908615;-0,320168617531803;-2,61896346915075;-0,563059573057007;-1,19142283170359;2,17506161951411
132020202;Les Carmes;13202;Marseille 2e Arrondissement;59,2;-0,548081993649596;2,10855558985953;-1,36282374212596;-0,473872749794813;-1,26429002772972;0,495785427522281
132020203;Dames;13202;Marseille 2e Arrondissement;56,8;-1,47128968371173;-0,142282278512031;-1,41108051064814;-0,264101848103478;-0,160196734475794;0,793603749268972
132020204;Panier;13202;Marseille 2e Arrondissement;57,9;-0,40984350482221;0,323823282907573;-2,28177868885844;-0,717025078669483;0,394640523883429;0,225051850037186
132020205;Charité République;13202;Marseille 2e Arrondissement;42,6;-1,52876266501248;0,143989721928066;-1,62816648008454;-0,459594410901954;1,08923368610926;0,54755744765499
132020301;Quai du Port;13202;Marseille 2e Arrondissement;28,6;-0,429210024793015;-0,636299992720052;-1,28966862192006;-0,227554996216481;0,265106635672927;-0,735059161982631
132020302;Saint-Jean-Protis;13202;Marseille 2e Arrondissement;40,7;-0,514896849057951;-0,106629237165573;-1,36860786523567;-0,73386933216616;-0,0492284031734569;-0,471840201349855
132020303;Hôtel-Dieu;13202;Marseille 2e Arrondissement;43,2;-0,422345104322087;-0,478472205390261;-1,6261654660081;-0,412020204685017;0,418043554029511;-0,625351776621786
132020401;L'Évêché-Les Docks;13202;Marseille 2e Arrondissement;35,8;-0,856691600762215;-0,294158438194664;-0,29624824824147;-0,710758089570929;1,12050302366724;0,0163468877426215
132020402;Albrand-Ponteves;13202;Marseille 2e Arrondissement;64,8;-1,42596830013812;-0,187979193376772;-1,57248590998832;-0,62373781155236;-0,626212675034003;1,21921848531271
132020403;Forbin;13202;Marseille 2e Arrondissement;61,7;-2,0221660668801;-0,165064288321744;-1,46717640911591;-0,806480054856778;-0,953241601328412;1,09876774015079
132020404;Mazenod-République;13202;Marseille 2e Arrondissement;50,7;-1,08288201086333;-0,0818359759459502;-1,18930916189155;-0,655498523046052;0,0114295215035929;0,883556201304375
132030101;Ricard-Guigou;13203;Marseille 3e Arrondissement;48,8;-0,262282179205037;-0,0841014281276296;-0,673949824652592;-0,515192178254028;-0,69339224782642;-0,0812708507855778
132030102;Les Friches-Cadenat;13203;Marseille 3e Arrondissement;64;-1,3603102417546;-0,516938228590819;-1,18059441998654;-0,66776423487866;-0,834837260051937;1,19842825840678
132030103;Les Casernes;13203;Marseille 3e Arrondissement;67,5;-1,67935294203165;-0,444881324162095;-0,961620844958248;-0,721648318326899;-0,94678629136163;1,05594816284295
132030104;Loubon;13203;Marseille 3e Arrondissement;73,5;-3,03983466863239;-0,497049636052863;-1,33249918517524;-0,725391837854075;-0,735093956670211;1,35483543202531
132030105;Caffo Révolution;13203;Marseille 3e Arrondissement;67,8;-1,54316520347232;-0,351052220760052;-1,21119019259463;-0,64543182729978;-1,06357979270419;0,885716289593029
132030202;Les Facultés;13203;Marseille 3e Arrondissement;65;-2,67739797463901;0,0646583656303761;-2,19911294228526;-0,76152630958114;-0,928836812141547;1,83348014877084
132030203;Camille Pelletan;13203;Marseille 3e Arrondissement;77,6;-2,98827457006181;-0,272842604521255;-2,14555256571283;-0,765015436329543;-1,31922820315784;2,15168312367461
132030204;Le Racati;13203;Marseille 3e Arrondissement;78;-1,23366054321281;2,27926933038845;-1,3746013251682;-0,806480054856778;-1,06844142528638;1,87478422860199
132030205;Kléber;13203;Marseille 3e Arrondissement;65,1;-0,953038066973384;-0,372793006867791;-0,670500352425655;-0,806480054856778;-1,12223090783816;0,858245372455853
132030301;Jet d'Eau-Barbini;13203;Marseille 3e Arrondissement;72,2;-2,01066776370708;-0,426433039873325;-1,80217599059903;-0,753602285637659;-1,42660996229877;1,37167267334084
132030302;Arzial-La Butte;13203;Marseille 3e Arrondissement;70,5;-1,32753286821369;-0,343150370770189;-0,797805202525759;-0,806480054856778;-1,16747979318986;1,06748795129994
132030303;Pyat Auphan;13203;Marseille 3e Arrondissement;79,8;-2,82064402896186;-0,191060283716785;-2,26297127811565;-0,720687808347984;-1,14161516054731;1,85661387915306
132030304;Briancon;13203;Marseille 3e Arrondissement;66,8;-1,96826789145598;0,148329024567791;-1,57029198096655;-0,806480054856778;-1,04750975786071;1,99325010562508
132030305;Bellevue Caravelle;13203;Marseille 3e Arrondissement;;-2,75027749699693;2,20017323849845;-2,60563902161592;-0,595256903053368;-1,45715166192587;3,01655768379588
132030401;Potier;13203;Marseille 3e Arrondissement;68,1;-2,00985235193448;0,270479849011125;-1,09088161317804;-0,806480054856778;-1,18191073063508;1,78277168147825
132030402;Peyssonnel;13203;Marseille 3e Arrondissement;49,4;-0,883007081452357;0,733990690517629;-0,218637209723042;-0,723188436793397;-0,191864159580127;0,656127265660781
132030403;Fonscolombes;13203;Marseille 3e Arrondissement;74,8;-2,21944779560231;0,774247202525974;-0,543573069414334;-0,743188455418672;-1,18338067034977;1,69433731376804
132040101;Chemin de Fer;13204;Marseille 4e Arrondissement;25,3;0,484467455324061;-0,0338078349787398;0,36093110767202;-0,039421697271098;0,496108224954264;-0,588279358624528
132040102;Chave Foch;13204;Marseille 4e Arrondissement;38,2;0,128504745929864;-0,41043013512891;-0,681642791675828;-0,736011951538834;-0,538768307577563;-0,741703779106876
132040103;Vallier;13204;Marseille 4e Arrondissement;37,7;0,31972156282453;-0,408474097505468;-1,03912935672676;-0,221716377695707;-0,138566687960074;-1,04661649156934
132040104;Blancarde Rougier;13204;Marseille 4e Arrondissement;41,6;0,00694132514020206;-0,717326859614696;-0,602382974185942;-0,349667623540469;-0,435763689978228;-0,496600516972757
132040105;Poucel Blancarde;13204;Marseille 4e Arrondissement;27,6;0,554240809940947;-0,414475221226898;0,188095756173559;-0,234803081280153;-0,178943068535581;-0,933537488109816
132040106;Beausoleil;13204;Marseille 4e Arrondissement;27,9;0,420305524011274;-0,506083365449386;0,480182902417293;-0,503589829137644;0,0905364491454503;-0,892236275433383
132040201;Banon-Roux;13204;Marseille 4e Arrondissement;40,8;-0,264498094039407;-0,73712549116017;-0,481649634441957;-0,542715033632092;-0,351607979161107;-0,188410529250097
132040202;Sainte-Agnès;13204;Marseille 4e Arrondissement;44;-0,298034536448496;0,906932910776636;-0,159485736910352;-0,301013240255768;-0,939408676974051;-0,0607838071947026
132040203;Chartreux Arras;13204;Marseille 4e Arrondissement;32,8;-0,38664843477516;-0,762705985027317;-0,755681344653741;-0,600665534336625;0,255199735669429;-0,615031471563978
132040204;Les Nouveaux Chartreux;13204;Marseille 4e Arrondissement;36,4;-0,214552714093363;-0,461784788185872;-0,584791670952984;-0,771992374946333;-0,640155036927939;-0,562809252274321
132040301;Léglize-Chutes Lavie;13204;Marseille 4e Arrondissement;22,7;0,108362970868567;-0,755102558722464;-0,213288609543257;-0,679334169493092;-0,390113593621185;-0,538667887778427
132040302;Flemming-Garderie;13204;Marseille 4e Arrondissement;34,2;0,0551877038129453;0,841123493536773;-0,248511115291893;-0,441346740873826;-0,527863032176583;-0,384630650429071
132040303;Guigou;13204;Marseille 4e Arrondissement;;0,483660191476403;0,392159260450666;-0,140667369790013;-0,612904330420016;-0,822972289807246;-0,159336166554331
132040304;Pautrier;13204;Marseille 4e Arrondissement;37,1;-0,265826758044467;-0,0593515178700626;-0,743437359711394;-0,625855582466126;0,0873757720280341;0,0972445220502372
132040401;Trois Frères Carasso;13204;Marseille 4e Arrondissement;35,6;-0,2736596344309;-0,703322097096874;-1,03700943585237;-0,285435323222065;0,210879448258396;-0,395004602469119
132040402;Maréchal Fayolle;13204;Marseille 4e Arrondissement;27;0,220412538547892;-0,731655108552999;-0,57383179932103;-0,518067470195439;0,834363746094069;-1,12849776448109
132040403;Chape;13204;Marseille 4e Arrondissement;23,1;0,402228562506241;-0,745761685461258;-0,23601173043794;0,579678383511269;1,34898555112554;-0,769920714703329
132040404;Palais Longchamp;13204;Marseille 4e Arrondissement;27,9;0,412093687680019;-0,508849984179811;-0,903581006852281;-0,372391061173282;0,598324578320568;-0,397939468964988
132050101;Brun Brandis;13205;Marseille 5e Arrondissement;38,8;-0,215666301342835;-0,642565030402129;-1,04708782353065;-0,705548107124302;-0,234424881058157;0,430621855728777
132050102;Sainte-Cécile;13205;Marseille 5e Arrondissement;27,7;0,0958039234522704;-0,775719379568086;-0,65782074430479;-0,45324737223817;0,373333757357035;0,54022711869412
132050104;Baille-Bravet;13205;Marseille 5e Arrondissement;43,3;-0,835486185440572;-0,143315723317819;-0,796820892519013;-0,575698888128272;0,130650390266058;1,65838144632092
132050105;Antoine Maille;13205;Marseille 5e Arrondissement;38,3;-0,349462247958559;-0,775719379568086;-0,672454674168709;-0,489245159369076;0,496064834941509;-0,212381907824265
132050202;Monte-Christo-Camas;13205;Marseille 5e Arrondissement;20,7;0,471475872599075;-0,59880946945803;-0,22138583237903;-0,397445254112615;1,08329496507085;-0,797534225577871
132050203;Eugène Pierre;13205;Marseille 5e Arrondissement;25,8;0,221752879981444;-0,775719379568086;-0,524503217237156;-0,167722661735261;1,37148078392255;-0,857852336559745
132050204;Chave-Abbé de l'Épée;13205;Marseille 5e Arrondissement;29,4;0,298275824350452;-0,728699200771399;-0,951272410485227;-0,617907749325723;1,30835059843202;-0,620660447402935
132050205;La Plaine;13205;Marseille 5e Arrondissement;23;0,352255687701023;-0,775719379568086;-0,676851088249889;-0,290689270719104;0,987285972764593;-0,691989649275737
132050206;Barry-Camas;13205;Marseille 5e Arrondissement;32,5;0,256717914231249;-0,689592714895615;-0,564261944909593;-0,531644796400086;0,321063970918798;-0,368914270997069
132050207;Olivier-Chave;13205;Marseille 5e Arrondissement;27,4;0,423820218330635;-0,435345893535731;-0,531993041876051;-0,339195982969221;1,05891235467572;-0,989534068116534
132050301;Astruc;13205;Marseille 5e Arrondissement;32,5;0,265514995680178;-0,604500621954601;-0,936049154851693;-0,669809373005937;0,35490193805182;-0,181558212395877
132050302;Ferrari;13205;Marseille 5e Arrondissement;39,5;-0,0987203772937847;-0,669617050295632;-1,10418946179361;-0,628192388331929;0,48910204073485;-0,51522416670671
132050303;Arago-Brochier;13205;Marseille 5e Arrondissement;35,1;-0,137708277257238;-0,756740046664311;-1,31712085349237;-0,345199302928103;0,828949520212221;-0,428704564897396
132050304;Pauriol-Vertus;13205;Marseille 5e Arrondissement;34,3;-0,515101174973912;-0,720805334203899;-1,19106413777541;-0,597059125762121;0,743121179975441;-0,379713180233527
132050401;Jean Martin;13205;Marseille 5e Arrondissement;31,8;-0,010091163140039;-0,594096340435098;-0,930067587737983;-0,450879148029003;0,155368414694224;-0,373808545262672
132050402;Riviera-Facultés;13205;Marseille 5e Arrondissement;40,1;-0,420025730548038;-0,733547405407871;-1,21630445662441;-0,743131767749611;-0,293890993979242;1,0400876851281
132050403;Louis Loucheur;13205;Marseille 5e Arrondissement;39,2;0,139936633351439;0,495610420325182;-0,333987130915005;-0,552210490445036;-0,456512664111639;-0,105273451593462
132060101;Escat-Saint-Adrien;13206;Marseille 6e Arrondissement;26,7;0,102871919594082;-0,244507675908628;-0,397399303783641;-0,467655362517606;1,45195563790486;-0,752646448555461
132060102;Fiolle-Castellane;13206;Marseille 6e Arrondissement;24;0,377344399272068;-0,758156692171946;-0,795556845256687;2,05707018926606;2,74216261261749;-0,345412423605532
132060103;Castellane-Italie;13206;Marseille 6e Arrondissement;32,8;-0,0115281159304108;-0,671189359319189;-1,5448723718741;0,313071995846415;0,867349270338493;-0,514783946659529
132060202;Le Méditerranée;13206;Marseille 6e Arrondissement;20,9;0,333170857185411;-0,774347941683818;-0,314350986744823;-0,0663742208905107;0,671788385067277;-0,793067241855983
132060203;Gouffe;13206;Marseille 6e Arrondissement;31,3;-0,0682832430102734;-0,656415785931643;-1,16716912561835;-0,241324544928287;0,115461149061112;-0,419321038394531
132060204;Marengo-Lodi;13206;Marseille 6e Arrondissement;27,2;-0,178994848192922;-0,504584682855463;-0,917750795194831;-0,222036162660658;1,18137685890921;-0,453041719003584
132060301;Bergers;13206;Marseille 6e Arrondissement;24,5;0,0281091908658146;-0,711670206599104;-0,93593601064205;-0,374943519564109;1,16249278860144;-0,668289291002154
132060302;Tilsit-Blanqui;13206;Marseille 6e Arrondissement;31,9;0,261448194713237;-0,637547656008029;-1,18647321126497;-0,0436698698284002;1,15968139119787;-0,688190069299451
132060303;Julien;13206;Marseille 6e Arrondissement;;-0,493748439877568;-0,759263162959451;-1,65010808729232;0,399088387904173;0,904651778696239;-0,221662632883858
132060401;Pierre Puget;13206;Marseille 6e Arrondissement;;0,450305970921136;-0,775719379568086;-0,375459783075948;2,39509327631292;2,96172711408233;-0,809762343199567
132060402;Saint-Jacques-Breteuil;13206;Marseille 6e Arrondissement;18,2;0,27496734427318;-0,209459993941764;-0,310920670014819;1,58601804644823;2,2688595457757;-0,817147011917188
132060403;Aune-Puget;13206;Marseille 6e Arrondissement;20,5;0,490556368902617;-0,570421495513194;0,184533248159493;0,545472272604824;2,177347576559;-0,917928380884246
132060502;Salvator;13206;Marseille 6e Arrondissement;35,2;-0,707816133121642;-0,735553065542676;-1,85764909483961;0,570782126932008;1,13203760272877;0,298030588991667
132060601;Torrents-Escat;13206;Marseille 6e Arrondissement;18,4;-0,0291650400032245;-0,755071266866827;-0,782626785163365;0,266056943742142;1,59295995596388;-0,548045941218214
132060602;Vauban-Fénelon;13206;Marseille 6e Arrondissement;15,2;0,717972073045322;-0,602349950221444;-0,0940495758757912;0,106420811293514;1,64702529853732;-0,976047478071175
132060603;Notre-Dame de la Garde;13206;Marseille 6e Arrondissement;20,4;0,562371586023396;-0,345237912143022;-0,191264347725179;0,264773177508873;0,935900199673884;-0,762826667812989
132060604;Martinique;13206;Marseille 6e Arrondissement;18,9;0,314029590865758;-0,639762299510211;-0,136149527396136;0,0573258835748972;1,33106286035348;-0,74442553588796
132070101;Oriol-Baudille;13207;Marseille 7e Arrondissement;;1,0167254214336;-0,775719379568086;0,832882389246172;2,33794910566318;2,37524780452243;-0,987381118544243
132070102;Amédée Autran;13207;Marseille 7e Arrondissement;;0,91571284218364;-0,747837641460224;0,404959827319306;0,923585583267375;1,68945096828953;-0,881327764138625
132070201;Valmer;13207;Marseille 7e Arrondissement;;0,967315470107759;-0,775719379568086;0,692604055717093;1,05298531264116;1,55960591165319;-1,12332594892391
132070202;Malmousque-Pêcheurs;13207;Marseille 7e Arrondissement;11,9;0,874962497835026;-0,775719379568086;0,557766351960346;1,25318273945936;1,4507111345503;-0,884129145988642
132070203;Vallon des Auffes;13207;Marseille 7e Arrondissement;14,1;0,878131478665638;-0,765157839376192;0,371642362161791;-0,10297755017938;1,21213431754657;-1,45387295398365
132070401;Saint-Nicolas;13207;Marseille 7e Arrondissement;20,6;0,598111230623074;-0,274981503590151;-0,246547665284406;-0,543660135468502;0,768468166435372;-1,3792369394091
132070402;Les Catalans;13207;Marseille 7e Arrondissement;23,6;0,703123565694407;0,40870823581837;-0,0558228457199643;-0,428988034258264;0,535068297472369;-0,791648006384583
132070403;César Aleman;13207;Marseille 7e Arrondissement;26,8;0,769998346310692;0,256072407753149;-0,535971941018798;-0,624183917271384;0,0335115370540723;-0,901552901606733
132070501;Estrangin;13207;Marseille 7e Arrondissement;;0,99638176485023;-0,775719379568086;1,11273448835477;4,94064057769861;2,44043421988589;-0,388201828567989
132070502;Roches-Prophète;13207;Marseille 7e Arrondissement;;1,01606131420017;-0,775719379568086;1,09374130860752;3,3947361810399;2,33081236178315;-0,627841042709603
132070601;Samatan;13207;Marseille 7e Arrondissement;22,1;0,286717082839064;-0,766257056233499;-0,289794201900073;-0,205148161442228;0,396228189054124;-0,831625024000711
132070602;Crinas-Saint-Eugène;13207;Marseille 7e Arrondissement;24,3;0,657299541397262;-0,741143423567209;-0,432529446820181;-0,450346051696566;0,595035513592453;-0,860999176631506
